{
    "rmse": 1.3934055980357756,
    "mae": 1.0545635810572067,
    "r2": 0.9784854231911645,
    "coverage_90": 0.89084,
    "avg_interval_width": 4.406576620961758
}