{
    "rmse": 1.3793934133574013,
    "mae": 1.0707523777960015,
    "r2": 0.9790263372586978
}