{
    "rmse": 1.3805491285310805,
    "mae": 1.0721429699490557,
    "r2": 0.9789150586239634
}